{
  "customer": 1.5367000000000004,
  "productmodel": 1.1545454545454545,
  "productdescription": 0.9636363636363636,
  "product": 1.4800000000000002,
  "productmodelproductdescription": 1.1545454545454545,
  "productcategory": 1.3454545454545455,
  "address": 1.4800000000000002,
  "addres": 0.6363636363636364,
  "customeraddress": 1.27,
  "customeraddres": 0.6363636363636364,
  "salesorderdetail": 1.5367000000000004,
  "salesorderheader": 2.0,
  "buildversion": 0.7727272727272727,
  "errorlog": 0.7727272727272727,
  "customerid": 0.9090909090909091,
  "namestyle": 0.6363636363636364,
  "title": 0.6363636363636364,
  "firstname": 0.6363636363636364,
  "middlename": 0.6363636363636364,
  "lastname": 0.6363636363636364,
  "suffix": 0.6363636363636364,
  "companyname": 0.6363636363636364,
  "salesperson": 0.6363636363636364,
  "emailaddress": 0.6363636363636364,
  "phone": 0.6363636363636364,
  "passwordhash": 0.6363636363636364,
  "passwordsalt": 0.6363636363636364,
  "rowguid": 1.8636363636363635,
  "modifieddate": 2.0,
  "productmodelid": 0.9090909090909091,
  "name": 1.3181818181818181,
  "catalogdescription": 0.6363636363636364,
  "productdescriptionid": 0.7727272727272727,
  "description": 0.6363636363636364,
  "productid": 0.7727272727272727,
  "productnumber": 0.6363636363636364,
  "color": 0.6363636363636364,
  "standardcost": 0.6363636363636364,
  "listprice": 0.6363636363636364,
  "size": 0.6363636363636364,
  "weight": 0.6363636363636364,
  "productcategoryid": 0.7727272727272727,
  "sellstartdate": 0.6363636363636364,
  "sellenddate": 0.6363636363636364,
  "discontinueddate": 0.6363636363636364,
  "thumbnailphoto": 0.6363636363636364,
  "thumbnailphotofilename": 0.6363636363636364,
  "culture": 0.6363636363636364,
  "parentproductcategoryid": 0.6363636363636364,
  "addressid": 0.7727272727272727,
  "addressline": 0.7727272727272727,
  "city": 0.6363636363636364,
  "stateprovince": 0.6363636363636364,
  "countryregion": 0.6363636363636364,
  "postalcode": 0.6363636363636364,
  "addresstype": 0.6363636363636364,
  "salesorderid": 0.7727272727272727,
  "salesorderdetailid": 0.6363636363636364,
  "orderqty": 0.6363636363636364,
  "unitprice": 0.6363636363636364,
  "unitpricediscount": 0.6363636363636364,
  "linetotal": 0.6363636363636364,
  "revisionnumber": 0.6363636363636364,
  "orderdate": 0.6363636363636364,
  "duedate": 0.6363636363636364,
  "shipdate": 0.6363636363636364,
  "status": 0.6363636363636364,
  "onlineorderflag": 0.6363636363636364,
  "salesordernumber": 0.6363636363636364,
  "purchaseordernumber": 0.6363636363636364,
  "accountnumber": 0.6363636363636364,
  "shiptoaddressid": 0.6363636363636364,
  "billtoaddressid": 0.6363636363636364,
  "shipmethod": 0.6363636363636364,
  "creditcardapprovalcode": 0.6363636363636364,
  "subtotal": 0.6363636363636364,
  "taxamt": 0.6363636363636364,
  "freight": 0.6363636363636364,
  "totaldue": 0.6363636363636364,
  "comment": 0.6363636363636364,
  "systeminformationid": 0.6363636363636364,
  "database": 0.6363636363636364,
  "version": 0.6363636363636364,
  "versiondate": 0.6363636363636364,
  "errorlogid": 0.6363636363636364,
  "errortime": 0.6363636363636364,
  "username": 0.6363636363636364,
  "errornumber": 0.6363636363636364,
  "errorseverity": 0.6363636363636364,
  "errorstate": 0.6363636363636364,
  "errorprocedure": 0.6363636363636364,
  "errorline": 0.6363636363636364,
  "errormessage": 0.6363636363636364,
  "customer addresses": 1.2,
  "me": 1.728,
  "customer information": 1.44,
  "orders": 1.2,
  "products": 1.2,
  "sales": 1.44,
  "january": 1.44,
  "products stock availability": 1.2,
  "all stores": 1.2,
  "store details": 1.2
}